{
  "version": "2020.2",
  "applications": [],
  "platforms": [],
  "systems": [
    {
      "name": "Fir129Example_system",
      "platform": "/proj/xbuilds/XRT_EMBEDDED/2020.2/xilinx_vck190_base_202020_1/2020.2_1111_0527/packages/output/internal_platforms/xilinx_vck190_base_202020_1/xilinx_vck190_base_202020_1.xpfm",
      "sysConfig": "xilinx_vck190_base_202020_1",
      "buildConfig": "Emulation-HW",
      "applications": [
        {
          "name": "Fir129Example_system_hw_link",
          "platform": "/proj/xbuilds/XRT_EMBEDDED/2020.2/xilinx_vck190_base_202020_1/2020.2_1111_0527/packages/output/internal_platforms/xilinx_vck190_base_202020_1/xilinx_vck190_base_202020_1.xpfm",
          "platformPath": "/proj/xbuilds/XRT_EMBEDDED/2020.2/xilinx_vck190_base_202020_1/2020.2_1111_0527/packages/output/internal_platforms/xilinx_vck190_base_202020_1",
          "sysConfig": "xilinx_vck190_base_202020_1",
          "domain": "pl",
          "system": "Fir129Example_system"
        },
        {
          "name": "Fir129Example",
          "platform": "/proj/xbuilds/XRT_EMBEDDED/2020.2/xilinx_vck190_base_202020_1/2020.2_1111_0527/packages/output/internal_platforms/xilinx_vck190_base_202020_1/xilinx_vck190_base_202020_1.xpfm",
          "platformPath": "/proj/xbuilds/XRT_EMBEDDED/2020.2/xilinx_vck190_base_202020_1/2020.2_1111_0527/packages/output/internal_platforms/xilinx_vck190_base_202020_1",
          "sysConfig": "xilinx_vck190_base_202020_1",
          "domain": "aiengine",
          "system": "Fir129Example_system"
        }
      ],
      "platformPath": "/proj/xbuilds/XRT_EMBEDDED/2020.2/xilinx_vck190_base_202020_1/2020.2_1111_0527/packages/output/internal_platforms/xilinx_vck190_base_202020_1"
    }
  ],
  "others": []
}